{
  "CC-NEWS-20160829145200-00005_ENG": {
    "downloading_time": 276.456001,
    "recompressing_time": 260.07776,
    "total_records_count": 14774,
    "possible_news_count": 2259,
    "with_collocations_count": 71,
    "processing_time": 2210.307424
  },
  "CC-NEWS-20160830145200-00006_ENG": {
    "downloading_time": 57.090582,
    "recompressing_time": 269.846408,
    "total_records_count": 16102,
    "possible_news_count": 1674,
    "with_collocations_count": 176,
    "processing_time": 1429.426476
  }
}